Address;Title;Description;Rooms;Living Space (sqm);Price;Canton;Nearest Station Distance (m);Distance to Capital (m)
Bündtenstrasse 7, 9, 5612 Villmergen;Perfekt für die Familie. Nähe Kindergarten, Bus, Schule. Ruhige zentrale sonnige Lage. 30er Zone;;2.5 rooms;160m²;CHF 1,759,180.–;Aargau;inf;inf
Triumphweg, 5330 Bad Zurzach;12 Wohnungen in 2 Neubauten, zentral und ruhig;;2.5 rooms;130m²;CHF 1,182,750.–;Aargau;9828.352403515259;28631.858497522844
Birrfeldstrasse 34, 5507 Mellingen;CENTRO Mellingen, 2.5 Obergeschoss 2 Wohnung;;2.5 rooms;190m²;CHF 1,780,350.–;Aargau;9766.144476465499;17272.203710608905
Rütimattenstrasse 7, 8919 Rottenschwil;AgentSelly - Eigentumswohnungen nach Ihren Wünschen;Die Neubauwohnungen bieten zukunftsorientiertes Wohnen nach höchsten Standards und einen Innenausbau mit hochwertigen Materialien. Dank modernster Technologie und einer ausgeklügelten Isolierung wird der Energieverbrauch minimiert, was sowohl die Umwelt schont als auch Ihre Nebenkosten senkt. Dazu gehört ein vorinstalliertes Lastenmanagement für die E-Mobilität, eine PV-Anlage auf dem Dach für die Eigenstromgewinnung, sowie eine Wärmepumpenheizung. Ein Einstellhallenplatz ist im Angebot enthalten, weitere können zusätzlich erworben werden. Für weitere Informationen zu dieser Immobilie besuchen Sie uns auf: https://www.agentselly.ch/marktplatz/oJAmH5u5ZyZrFfHq3 Sie sind am Ende des Inserates, aber nicht am Ende Ihrer Suche angelangt?- Mit unserem Suchabo finden Sie schnell und bequem Ihre Traum-Immobilie.- Unsere top Dienstleistung unterstützt Sie effektiv beim Verkauf Ihrer Immobilie.- Unser Umbaurechner hilft Ihnen bei Fragen zu Umbaukosten und erleichtert die Kostenkalkulation.- Die Immobilie passt zu Freunden? Weitersagen gewünscht!;1.5 rooms;140m²;CHF 1,170,300.–;Aargau;7406.106443079701;25345.138145162764
Adelmattstrasse, 5242 Birr;Neubau 4 Einfamilienhäuser;;2.5 rooms;180m²;CHF 1,799,020.–;Aargau;9615.423201258825;13105.723950478112
Hohlenweg, 5072 Oeschgen;Oeschgen / Verkauf / 2.5 Zimmer Wohnung;Kurzbeschrieb Wohnpark OeschgenDer neu geplante Wohnpark Hohlenweg mit 26 Wohneinheiten (2- bis 5.5-Zimmer) befindet sich in der Dorfkernzone Oeschgens und bietet durch sein vielfältiges Wohnangebot ein breites Spektrum für zukünftige Nutzer. Die drei freistehenden Baukörper mit Satteldach interpretieren unter Verwendung zeitgemässer Materialien die traditionelle Architektur neu.Eine Ost-West Ausrichtung der Baukörper und der durchgezogene Wohn-Essbereich verschaffen den Wohneinheiten eine Morgen- und Abendbesonnung, woraus sich differenzierte Aufenthaltsqualitäten ergeben.Durch die vorgelagerte Balkon- und Laubengangschicht, eine Analogie zur traditionellen Laube, erhalten die Wohnungen grosszügige und flexibel nutzbare Aussenräume, welche einerseits der Ruhe und der Erholung und andererseits dem gemeinschaftlichen Austausch unter den Bewohnerndienen.Die Zufahrt mit dem Auto erfolgt bequem über die Tiefgarage, während die Erdgeschossebene bewusst verkehrsfrei gestaltet wurde, um den drei Einzelgebäuden einen dörflichen Charakter zu verleihen und den zukünftigen Bewohnern im Innenhof einen Begegnungsraum in sorgfältig ausgestalteter Umgebung zu bieten.;2.5 rooms;150m²;CHF 1,114,270.–;Aargau;5359.272577043968;15253.222842438508
Myrtenstrasse 8, 5737 Menziken;Zentral wohnen aber trotzdem die Ruhe geniessen - Einzigartige 1.5-Zimmerwohnung zu verkaufen;;1.5 rooms;16m²;CHF 473,100.–;Aargau;8530.69949181025;20454.62130301196
Bahnhofstrasse - Kirchgasse, 5605 Dottikon;4 Zentral gelegene 3½ Zimmerwohnungen mit Einkaufsmöglichkeiten;;1.5 rooms;27m²;CHF 865,270.–;Aargau;inf;inf
Hohlenweg, 5072 Oeschgen;Oeschgen / Verkauf / 1.5 Zimmer Wohnung;Kurzbeschrieb Wohnpark OeschgenDer neu geplante Wohnpark Hohlenweg mit 26 Wohneinheiten (2- bis 5.5-Zimmer) befindet sich in der Dorfkernzone Oeschgens und bietet durch sein vielfältiges Wohnangebot ein breites Spektrum für zukünftige Nutzer. Die drei freistehenden Baukörper mit Satteldach interpretieren unter Verwendung zeitgemässer Materialien die traditionelle Architektur neu.Eine Ost-West Ausrichtung der Baukörper und der durchgezogene Wohn-Essbereich verschaffen den Wohneinheiten eine Morgen- und Abendbesonnung, woraus sich differenzierte Aufenthaltsqualitäten ergeben.Durch die vorgelagerte Balkon- und Laubengangschicht, eine Analogie zur traditionellen Laube, erhalten die Wohnungen grosszügige und flexibel nutzbare Aussenräume, welche einerseits der Ruhe und der Erholung und andererseits dem gemeinschaftlichen Austausch unter den Bewohnerndienen.Die Zufahrt mit dem Auto erfolgt bequem über die Tiefgarage, während die Erdgeschossebene bewusst verkehrsfrei gestaltet wurde, um den drei Einzelgebäuden einen dörflichen Charakter zu verleihen und den zukünftigen Bewohnern im Innenhof einen Begegnungsraum in sorgfältig ausgestalteter Umgebung zu bieten.;1.5 rooms;120m²;CHF 915,070.–;Aargau;5359.272577043968;15253.222842438508
Heumoosweg 2, 5622 Waltenschwil;4 1/2-Zimmer-Wohnung im DG mit Loggia und Estrich;;2.5 rooms;130m²;CHF 1,070,700.–;Aargau;8918.703544106223;20305.744799890886
Rütihaldenstrasse 46, 8956 Killwangen;Neubauprojekt MEIERBÄDLI;;2.5 rooms;150m²;CHF 1,724,320.–;Aargau;4824.941562385571;23428.808054661276
Jutliweg 19, 4802 Strengelbach;WOHNEN MIT WEITBLICK;;1.5 rooms;23m²;CHF 865,270.–;Aargau;3911.049476068278;14770.821996415763
Multenrain 10, 5037 Muhen;2.5 Zimmer Wohnung in Muhen - Bezugsbereit im Herbst 2024 -;;2.5 rooms;130m²;CHF 1,108,050.–;Aargau;5774.534794255921;6026.812818449263
Hohlenweg, 5072 Oeschgen;Oeschgen / Verkauf / 2.5 Zimmer Wohnung;Kurzbeschrieb Wohnpark OeschgenDer neu geplante Wohnpark Hohlenweg mit 26 Wohneinheiten (2- bis 5.5-Zimmer) befindet sich in der Dorfkernzone Oeschgens und bietet durch sein vielfältiges Wohnangebot ein breites Spektrum für zukünftige Nutzer. Die drei freistehenden Baukörper mit Satteldach interpretieren unter Verwendung zeitgemässer Materialien die traditionelle Architektur neu.Eine Ost-West Ausrichtung der Baukörper und der durchgezogene Wohn-Essbereich verschaffen den Wohneinheiten eine Morgen- und Abendbesonnung, woraus sich differenzierte Aufenthaltsqualitäten ergeben.Durch die vorgelagerte Balkon- und Laubengangschicht, eine Analogie zur traditionellen Laube, erhalten die Wohnungen grosszügige und flexibel nutzbare Aussenräume, welche einerseits der Ruhe und der Erholung und andererseits dem gemeinschaftlichen Austausch unter den Bewohnerndienen.Die Zufahrt mit dem Auto erfolgt bequem über die Tiefgarage, während die Erdgeschossebene bewusst verkehrsfrei gestaltet wurde, um den drei Einzelgebäuden einen dörflichen Charakter zu verleihen und den zukünftigen Bewohnern im Innenhof einen Begegnungsraum in sorgfältig ausgestalteter Umgebung zu bieten.;2.5 rooms;150m²;CHF 1,101,820.–;Aargau;5359.272577043968;15253.222842438508
Klappergasse 25, 5612 Villmergen;Bauprojekt Villmergen: Eigentumswohnungen;;1.5 rooms;25m²;CHF 842,860.–;Aargau;9805.30163092527;15575.110434576234
5082 Kaisten;TRAUMHAUS AVA ZUM ATTRAKTIVEN PREIS!;;2.5 rooms;130m²;CHF 921,300.–;Aargau;8885.082596642293;16222.901274530404
Erlenstrasse, 5462 Siglistorf;4 1/2-Zimmer-Wohnung im OG mit Balkon;;2.5 rooms;140m²;CHF 939,970.–;Aargau;9391.41753079705;30490.971571006798
Kirchweg 8, 5630 Muri AG;Neubau - architektonischer Hingucker - 2 ½ Zi. Eigentumswg., mit grossformatigen Fenstern;;1.5 rooms;;CHF 715,870.–;Aargau;6586.465000329166;25830.01407124987
Reutenenstrasse 17, 5210 Windisch;Duplex-/Maisonette-Wohnung in Windisch;;2.5 rooms;170m²;CHF 1,556,250.–;Aargau;9485.586558085419;15199.484945487398
Langenthalerstrasse 42, 4803 Vordemwald;Phantastische 1.5-Zimmer-Dachwohnung - Lärchenhof, Daheim in Vordemwald;;1.5 rooms;20m²;CHF 616,270.–;Aargau;4843.663242198425;17683.443154048095
Feldstrasse, 5712 Beinwil am See;NEUBAUPROJEKT: 1.5 Attikawohnung mit Seesicht und 40m2 Terrasse;;1.5 rooms;29m²;CHF 1,114,270.–;Aargau;9733.979709712989;18564.627894058718
Bahnhofstrasse - Kirchgasse, 5605 Dottikon;2 Zentral gelegene 4½ Zimmerwohnungen mit Einkaufsmöglichkeiten;;2.5 rooms;130m²;CHF 1,101,820.–;Aargau;inf;inf
Klappergasse 25, 5612 Villmergen;Bauprojekt Villmergen: Eigentumswohnungen;;1.5 rooms;25m²;CHF 842,860.–;Aargau;9805.30163092527;15575.110434576234
